"FacilityID","GEOJSON"
"233957","{'COORDINATES': [-112.1569444, 35.2811111], 'TYPE': 'Point'}"
"233955","{'COORDINATES': [-112.0172222, 35.1152778], 'TYPE': 'Point'}"
"251846","{'COORDINATES': [-112.5591667, 34.59], 'TYPE': 'Point'}"
"250019","{'COORDINATES': [-109.162348894, 31.898555546], 'TYPE': 'Point'}"
"275045","{'COORDINATES': [-112.1613889, 34.00388889], 'TYPE': 'Point'}"
"250901","{'COORDINATES': [-109.3552778, 32.0111111], 'TYPE': 'Point'}"
"233226","{'COORDINATES': [-110.4527778, 31.4338889], 'TYPE': 'Point'}"
"232143","{'COORDINATES': [-111.7763889, 34.8436111], 'TYPE': 'Point'}"
"261843","{'COORDINATES': [-114.136724, 34.300454], 'TYPE': 'Point'}"
"232284","{'COORDINATES': [-110.6911111, 32.395], 'TYPE': 'Point'}"
"202059","{'COORDINATES': [-113.04543, 33.02437], 'TYPE': 'Point'}"
"232196","{'COORDINATES': [-109.4130556, 33.8730556], 'TYPE': 'Point'}"
"232320","{'COORDINATES': [-111.7380556, 35.0125], 'TYPE': 'Point'}"
"232299","{'COORDINATES': [-111.8055556, 34.8291667], 'TYPE': 'Point'}"
"241550","{'COORDINATES': None, 'TYPE': '}"
"241551","{'COORDINATES': [-109.972778, 34.1544], 'TYPE': 'Point'}"
"264749","{'COORDINATES': [-111.6208, 35.3586], 'TYPE': 'Point'}"
"234439","{'COORDINATES': [-111.9583333, 35.3569444], 'TYPE': 'Point'}"
"270420","{'COORDINATES': [-112.1537222, 34.7093861], 'TYPE': 'Point'}"
"237968","{'COORDINATES': [-112.38518, 34.519234], 'TYPE': 'Point'}"
"233223","{'COORDINATES': [-110.6958333, 32.335], 'TYPE': 'Point'}"
"233398","{'COORDINATES': [-109.8744444, 32.6669444], 'TYPE': 'Point'}"
"233234","{'COORDINATES': [-109.8711111, 32.6636111], 'TYPE': 'Point'}"
"232197","{'COORDINATES': [-109.4586111, 34.0433333], 'TYPE': 'Point'}"
"233222","{'COORDINATES': [-110.7163889, 32.5383333], 'TYPE': 'Point'}"
"241549","{'COORDINATES': [-109.298183, 33.050897], 'TYPE': 'Point'}"
"249308","{'COORDINATES': [-111.087959, 33.666696], 'TYPE': 'Point'}"
"250033","{'COORDINATES': [-110.715138053, 32.409923715], 'TYPE': 'Point'}"
"237912","{'COORDINATES': [-112.46902, 34.53658], 'TYPE': 'Point'}"
"232489","{'COORDINATES': [-112.0605556, 36.2102778], 'TYPE': 'Point'}"
"232147","{'COORDINATES': [-111.4633333, 35.03], 'TYPE': 'Point'}"
"261712","{'COORDINATES': [-112.75063, 32.23948], 'TYPE': 'Point'}"
"232209","{'COORDINATES': [-112.4533333, 34.4552778], 'TYPE': 'Point'}"
"233177","{'COORDINATES': [-109.9553866, 31.94635473], 'TYPE': 'Point'}"
"272095","{'COORDINATES': [-110.829, 33.3350556], 'TYPE': 'Point'}"
"241548","{'COORDINATES': [-110.493621, 34.382867], 'TYPE': 'Point'}"
"253995","{'COORDINATES': [-112.3983448, 32.9252994], 'TYPE': 'Point'}"
"234529","{'COORDINATES': [-112.2097222, 36.7], 'TYPE': 'Point'}"
"234680","{'COORDINATES': [-111.5205139, 34.7112917], 'TYPE': 'Point'}"
"267559","{'COORDINATES': [-111.8658111, 33.97525], 'TYPE': 'Point'}"
"10000330","{'COORDINATES': [-113.86918, 35.0613], 'TYPE': 'Point'}"
"231884","{'COORDINATES': [-109.0819444, 33.8352778], 'TYPE': 'Point'}"
"233956","{'COORDINATES': [-112.1238333, 35.2111667], 'TYPE': 'Point'}"
"247799","{'COORDINATES': [-113.553394, 34.234382], 'TYPE': 'Point'}"
"233224","{'COORDINATES': [-110.2905556, 31.4291667], 'TYPE': 'Point'}"
"266135","{'COORDINATES': [-111.1285556, 33.6668056], 'TYPE': 'Point'}"
"237997","{'COORDINATES': [-112.04328, 34.58853], 'TYPE': 'Point'}"
"241552","{'COORDINATES': [-109.78965, 34.18596667], 'TYPE': 'Point'}"
"250775","{'COORDINATES': [-110.943983, 34.333655], 'TYPE': 'Point'}"
"234626","{'COORDINATES': [-109.8258333, 32.6444444], 'TYPE': 'Point'}"
"273335","{'COORDINATES': [-112.3826083, 34.5080167], 'TYPE': 'Point'}"
"232193","{'COORDINATES': [-110.8266667, 34.3233333], 'TYPE': 'Point'}"
"233227","{'COORDINATES': [-109.3580556, 31.7536111], 'TYPE': 'Point'}"
"275056","{'COORDINATES': [-113.2966667, 33.72944444], 'TYPE': 'Point'}"
"233178","{'COORDINATES': [-109.961709093, 31.931233885], 'TYPE': 'Point'}"
"234459","{'COORDINATES': [-111.8497222, 35.0163889], 'TYPE': 'Point'}"
"234456","{'COORDINATES': [-111.7378889, 35.4222], 'TYPE': 'Point'}"
"233402","{'COORDINATES': [-110.872841704, 31.717940889], 'TYPE': 'Point'}"
"237976","{'COORDINATES': [-112.135947, 34.691158], 'TYPE': 'Point'}"
"232289","{'COORDINATES': [-111.5866667, 35.2733333], 'TYPE': 'Point'}"
"232205","{'COORDINATES': [-110.9391667, 34.3286111], 'TYPE': 'Point'}"
"233400","{'COORDINATES': [-109.8186111, 32.6494444], 'TYPE': 'Point'}"
"12812","{'COORDINATES': [-114.47322, 32.67819], 'TYPE': 'Point'}"
"272097","{'COORDINATES': [-110.5718528, 33.6881333], 'TYPE': 'Point'}"
"238003","{'COORDINATES': [-112.217617, 35.237347], 'TYPE': 'Point'}"
"249312","{'COORDINATES': [-111.203798, 33.73151], 'TYPE': 'Point'}"
"241562","{'COORDINATES': [-109.480975, 33.47531667], 'TYPE': 'Point'}"
"233887","{'COORDINATES': [-111.9702778, 34.3519444], 'TYPE': 'Point'}"
"233221","{'COORDINATES': [-111.0519444, 31.385], 'TYPE': 'Point'}"
"249291","{'COORDINATES': [-111.01216, 33.650217], 'TYPE': 'Point'}"
"237979","{'COORDINATES': [-112.3361, 34.2106], 'TYPE': 'Point'}"
"234287","{'COORDINATES': [-111.7416667, 34.9416667], 'TYPE': 'Point'}"
"234564","{'COORDINATES': [-110.7319444, 32.4119444], 'TYPE': 'Point'}"
"232200","{'COORDINATES': [-109.4038889, 33.8763889], 'TYPE': 'Point'}"
"10074565","{'COORDINATES': [-109.358, 33.791], 'TYPE': 'Point'}"
"274288","{'COORDINATES': [-114.21505, 34.2108778], 'TYPE': 'Point'}"
"232490","{'COORDINATES': [-112.1204694, 36.0497222], 'TYPE': 'Point'}"
"251964","{'COORDINATES': [-112.5386944, 34.6024722], 'TYPE': 'Point'}"
"233219","{'COORDINATES': [-110.8161111, 32.3188889], 'TYPE': 'Point'}"
"234488","{'COORDINATES': [-112.1230556, 35.9369444], 'TYPE': 'Point'}"
"237904","{'COORDINATES': [-112.548838, 34.614208], 'TYPE': 'Point'}"
"234550","{'COORDINATES': [-112.4352778, 34.4708333], 'TYPE': 'Point'}"
"234627","{'COORDINATES': [-109.8258333, 32.6444444], 'TYPE': 'Point'}"
"264716","{'COORDINATES': [-111.7639, 34.8696], 'TYPE': 'Point'}"
"250027","{'COORDINATES': [-109.160856021, 31.900872603], 'TYPE': 'Point'}"
"232203","{'COORDINATES': [-110.9363889, 34.3319444], 'TYPE': 'Point'}"
"262678","{'COORDINATES': [-114.497011, 32.907378], 'TYPE': 'Point'}"
"234759","{'COORDINATES': [-112.4413889, 34.465], 'TYPE': 'Point'}"
"232190","{'COORDINATES': [-110.9458333, 34.3266667], 'TYPE': 'Point'}"
"241547","{'COORDINATES': [-109.231, 33.737], 'TYPE': 'Point'}"
"241582","{'COORDINATES': [-109.358, 33.791], 'TYPE': 'Point'}"
"233233","{'COORDINATES': [-109.8711111, 32.6636111], 'TYPE': 'Point'}"
"10000305","{'COORDINATES': [-113.45188, 34.53605], 'TYPE': 'Point'}"
"233220","{'COORDINATES': [-110.8161111, 32.3188889], 'TYPE': 'Point'}"
"251764","{'COORDINATES': [-110.9774722, 33.8723056], 'TYPE': 'Point'}"
"234708","{'COORDINATES': [-109.4166667, 33.8689333], 'TYPE': 'Point'}"
"233888","{'COORDINATES': [-111.8019444, 34.8252778], 'TYPE': 'Point'}"
"232194","{'COORDINATES': [-111.7391667, 34.9963889], 'TYPE': 'Point'}"
"232195","{'COORDINATES': [-109.4183333, 33.8722222], 'TYPE': 'Point'}"
"233242","{'COORDINATES': [-111.9463889, 35.9680556], 'TYPE': 'Point'}"
"249254","{'COORDINATES': [-111.203326, 33.627381], 'TYPE': 'Point'}"
"232208","{'COORDINATES': [-112.285, 34.1738889], 'TYPE': 'Point'}"
"253991","{'COORDINATES': [-113.204, 36.318], 'TYPE': 'Point'}"
"241560","{'COORDINATES': [-110.983675, 34.37996111], 'TYPE': 'Point'}"
"251825","{'COORDINATES': [-112.5469444, 36.585], 'TYPE': 'Point'}"
"253996","{'COORDINATES': [-112.5286386, 33.1030141], 'TYPE': 'Point'}"
"234762","{'COORDINATES': [-112.3902778, 34.5175], 'TYPE': 'Point'}"
"232191","{'COORDINATES': [-109.4486111, 34.0441667], 'TYPE': 'Point'}"
"237913","{'COORDINATES': [-111.847472, 34.549514], 'TYPE': 'Point'}"
"233928","{'COORDINATES': [-111.5330556, 35.3616667], 'TYPE': 'Point'}"
"238017","{'COORDINATES': [-112.525663, 36.942483], 'TYPE': 'Point'}"
"232204","{'COORDINATES': [-109.4841667, 33.9652778], 'TYPE': 'Point'}"
"232285","{'COORDINATES': [-110.7205556, 32.4083333], 'TYPE': 'Point'}"
"233399","{'COORDINATES': [-109.8494444, 32.5916667], 'TYPE': 'Point'}"
"232207","{'COORDINATES': [-112.5213889, 34.5522222], 'TYPE': 'Point'}"
"233953","{'COORDINATES': [-110.9416667, 34.3163889], 'TYPE': 'Point'}"
"232192","{'COORDINATES': [-109.4130556, 33.8755556], 'TYPE': 'Point'}"
"234515","{'COORDINATES': [-109.3691667, 33.7463889], 'TYPE': 'Point'}"
"237996","{'COORDINATES': [-112.4994, 34.4951], 'TYPE': 'Point'}"
"238013","{'COORDINATES': [-112.122077, 35.988962], 'TYPE': 'Point'}"
"264715","{'COORDINATES': [-111.3152, 34.5503], 'TYPE': 'Point'}"
"264714","{'COORDINATES': [-111.662, 35.172], 'TYPE': 'Point'}"
"271988","{'COORDINATES': [-109.411619, 33.874589], 'TYPE': 'Point'}"
"233306","{'COORDINATES': [-112.3872222, 34.5102778], 'TYPE': 'Point'}"
"256933","{'COORDINATES': [-112.4776806, 34.5061694], 'TYPE': 'Point'}"
"234077","{'COORDINATES': [-112.2925, 34.1613889], 'TYPE': 'Point'}"
"237915","{'COORDINATES': [-112.4597463, 34.45457872], 'TYPE': 'Point'}"
"200028","{'COORDINATES': [-109.7587106, 33.9933802], 'TYPE': 'Point'}"
"232144","{'COORDINATES': [-111.48, 34.9583333], 'TYPE': 'Point'}"
"232206","{'COORDINATES': [-112.1361111, 34.6983333], 'TYPE': 'Point'}"
"266136","{'COORDINATES': [-111.0465472, 33.6437917], 'TYPE': 'Point'}"
"231885","{'COORDINATES': [-110.2402778, 34.2861111], 'TYPE': 'Point'}"
"234722","{'COORDINATES': [-112.1347222, 36.4111111], 'TYPE': 'Point'}"
"233169","{'COORDINATES': [-110.741566513, 31.744338649], 'TYPE': 'Point'}"
"264781","{'COORDINATES': [-111.536951, 35.089992], 'TYPE': 'Point'}"
"201883","{'COORDINATES': [-114.477136, 32.902916], 'TYPE': 'Point'}"
"264724","{'COORDINATES': [-111.093646, 34.426216], 'TYPE': 'Point'}"
"241578","{'COORDINATES': [-110.0613278, 34.27309167], 'TYPE': 'Point'}"
"257029","{'COORDINATES': [-110.661225, 38.65677222], 'TYPE': 'Point'}"
"233719","{'COORDINATES': [-110.6997222, 40.5605556], 'TYPE': 'Point'}"
"235069","{'COORDINATES': [-112.251, 38.831], 'TYPE': 'Point'}"
"251843","{'COORDINATES': [-109.6334111, 38.57575], 'TYPE': 'Point'}"
"252621","{'COORDINATES': [-111.1563, 39.5068], 'TYPE': 'Point'}"
"233892","{'COORDINATES': [-111.2733333, 39.4466667], 'TYPE': 'Point'}"
"14493","{'COORDINATES': [-109.585018, 38.556491], 'TYPE': 'Point'}"
"257093","{'COORDINATES': [-113.3851635, 37.22863117], 'TYPE': 'Point'}"
"202206","{'COORDINATES': [-111.1846, 41.303], 'TYPE': 'Point'}"
"247316","{'COORDINATES': [-111.654881, 41.773639], 'TYPE': 'Point'}"
"239103","{'COORDINATES': None, 'TYPE': '}"
"245334","{'COORDINATES': [-113.557, 37.486], 'TYPE': 'Point'}"
"234302","{'COORDINATES': [-112.0896556, 39.0152389], 'TYPE': 'Point'}"
"14507","{'COORDINATES': [-109.602914, 38.480648], 'TYPE': 'Point'}"
"234751","{'COORDINATES': [-109.2530556, 40.4406611], 'TYPE': 'Point'}"
"238999","{'COORDINATES': [-111.07291, 43.17134], 'TYPE': 'Point'}"
"272266","{'COORDINATES': [-112.9855556, 37.2016667], 'TYPE': 'Point'}"
"251840","{'COORDINATES': [-109.422438, 38.476947], 'TYPE': 'Point'}"
"243872","{'COORDINATES': [-119.767199, 39.15203], 'TYPE': 'Point'}"
"245347","{'COORDINATES': [-112.642, 37.497], 'TYPE': 'Point'}"
"257098","{'COORDINATES': [-113.4015589, 37.22258752], 'TYPE': 'Point'}"
"248867","{'COORDINATES': None, 'TYPE': '}"
"255278","{'COORDINATES': [-109.814209, 38.58429], 'TYPE': 'Point'}"
"233798","{'COORDINATES': [-111.1419444, 39.4461111], 'TYPE': 'Point'}"
"247164","{'COORDINATES': None, 'TYPE': '}"
"247011","{'COORDINATES': [-110.814763, 40.846399], 'TYPE': 'Point'}"
"231902","{'COORDINATES': [-109.4241667, 40.9344444], 'TYPE': 'Point'}"
"245228","{'COORDINATES': [-114.42193, 43.789216], 'TYPE': 'Point'}"
"243878","{'COORDINATES': [-114.977029, 41.11137], 'TYPE': 'Point'}"
"236578","{'COORDINATES': [-109.623593, 40.742166], 'TYPE': 'Point'}"
"257057","{'COORDINATES': [-113.2267214, 37.16240722], 'TYPE': 'Point'}"
"232122","{'COORDINATES': [-112.5855556, 37.7466667], 'TYPE': 'Point'}"
"256908","{'COORDINATES': [-110.8115833, 39.63106111], 'TYPE': 'Point'}"
"235138","{'COORDINATES': [-112.489831, 38.26139], 'TYPE': 'Point'}"
"251837","{'COORDINATES': [-109.8049389, 38.6358139], 'TYPE': 'Point'}"
"257227","{'COORDINATES': [-113.194404, 37.138957], 'TYPE': 'Point'}"
"257219","{'COORDINATES': [-113.0242225, 37.07461336], 'TYPE': 'Point'}"
"257101","{'COORDINATES': [-113.4031834, 37.22590068], 'TYPE': 'Point'}"
"257180","{'COORDINATES': [-112.838915, 37.38525625], 'TYPE': 'Point'}"
"202158","{'COORDINATES': [-109.5339, 38.6102], 'TYPE': 'Point'}"
"233214","{'COORDINATES': [-109.8083333, 40.8633333], 'TYPE': 'Point'}"
"245192","{'COORDINATES': None, 'TYPE': '}"
"243975","{'COORDINATES': [-119.723082, 38.631372], 'TYPE': 'Point'}"
"231917","{'COORDINATES': [-111.3297222, 38.1627778], 'TYPE': 'Point'}"
"247042","{'COORDINATES': [-110.853735, 40.830388], 'TYPE': 'Point'}"
"239072","{'COORDINATES': [-111.2053835, 43.57278356], 'TYPE': 'Point'}"
"273759","{'COORDINATES': [-112.7742806, 37.5183833], 'TYPE': 'Point'}"
"239107","{'COORDINATES': None, 'TYPE': '}"
"257181","{'COORDINATES': [-112.8334023, 37.33530924], 'TYPE': 'Point'}"
"247167","{'COORDINATES': None, 'TYPE': '}"
"10283829","{'COORDINATES': [-120.94796, 45.33628], 'TYPE': 'Point'}"
"257052","{'COORDINATES': [-113.2783713, 37.18314215], 'TYPE': 'Point'}"
"257246","{'COORDINATES': [-110.6650111, 39.08146111], 'TYPE': 'Point'}"
"233978","{'COORDINATES': [-111.4463889, 42.1136111], 'TYPE': 'Point'}"
"257053","{'COORDINATES': [-113.2419211, 37.13933402], 'TYPE': 'Point'}"
"257043","{'COORDINATES': [-110.8018111, 38.69613611], 'TYPE': 'Point'}"
"272101","{'COORDINATES': [-112.367053, 39.686978], 'TYPE': 'Point'}"
"234745","{'COORDINATES': [-109.9416667, 39.8336111], 'TYPE': 'Point'}"
"243876","{'COORDINATES': [-115.234035, 36.245401], 'TYPE': 'Point'}"
"257234","{'COORDINATES': [-113.2174533, 37.14067149], 'TYPE': 'Point'}"
"251834","{'COORDINATES': [-109.3075889, 38.8104694], 'TYPE': 'Point'}"
"257037","{'COORDINATES': [-110.533525, 38.72888056], 'TYPE': 'Point'}"
"250037","{'COORDINATES': [-111.2972389, 39.3014917], 'TYPE': 'Point'}"
"255308","{'COORDINATES': [-109.20704, 38.43353], 'TYPE': 'Point'}"
"236559","{'COORDINATES': None, 'TYPE': '}"
"248581","{'COORDINATES': [-115.1537, 41.5033], 'TYPE': 'Point'}"
"245304","{'COORDINATES': None, 'TYPE': '}"
"257097","{'COORDINATES': [-113.3994136, 37.210368], 'TYPE': 'Point'}"
"235070","{'COORDINATES': [-111.482, 38.483], 'TYPE': 'Point'}"
"233855","{'COORDINATES': [-111.4947222, 42.2075], 'TYPE': 'Point'}"
"231923","{'COORDINATES': [-111.2594444, 39.6455556], 'TYPE': 'Point'}"
"257154","{'COORDINATES': [-111.99058, 38.20928], 'TYPE': 'Point'}"
"257095","{'COORDINATES': [-113.3966827, 37.2092026], 'TYPE': 'Point'}"
"251535","{'COORDINATES': [-109.7600389, 38.1687861], 'TYPE': 'Point'}"
"10048852","{'COORDINATES': [-111.249677, 39.522732], 'TYPE': 'Point'}"
"257116","{'COORDINATES': [-113.969891, 38.913133], 'TYPE': 'Point'}"
"234308","{'COORDINATES': [-111.5188889, 38.3416667], 'TYPE': 'Point'}"
"256895","{'COORDINATES': [-109.108704, 39.156677], 'TYPE': 'Point'}"
"234315","{'COORDINATES': [-109.6741667, 40.7547222], 'TYPE': 'Point'}"
"247162","{'COORDINATES': None, 'TYPE': '}"
"257035","{'COORDINATES': [-110.4639444, 38.85736944], 'TYPE': 'Point'}"
"233795","{'COORDINATES': [-110.8866667, 40.5541667], 'TYPE': 'Point'}"
"251579","{'COORDINATES': [-109.745507, 40.878824], 'TYPE': 'Point'}"
"257174","{'COORDINATES': [-113.3863454, 37.22915086], 'TYPE': 'Point'}"
"236577","{'COORDINATES': [-109.615406, 40.702305], 'TYPE': 'Point'}"
"231910","{'COORDINATES': [-110.6380556, 40.5352778], 'TYPE': 'Point'}"
"251941","{'COORDINATES': [-109.6122222, 37.2630556], 'TYPE': 'Point'}"
"245210","{'COORDINATES': [-113.319767, 41.952848], 'TYPE': 'Point'}"
"256906","{'COORDINATES': [-109.247925, 38.924316], 'TYPE': 'Point'}"
"271419","{'COORDINATES': None, 'TYPE': '}"
"257056","{'COORDINATES': [-113.271404, 37.13568119], 'TYPE': 'Point'}"
"231906","{'COORDINATES': [-109.6463889, 40.915], 'TYPE': 'Point'}"
"257048","{'COORDINATES': [-110.4922389, 39.01072222], 'TYPE': 'Point'}"
"233150","{'COORDINATES': [-111.6608333, 38.6236111], 'TYPE': 'Point'}"
"256993","{'COORDINATES': [-110.7708306, 38.88088889], 'TYPE': 'Point'}"
"231903","{'COORDINATES': [-109.4541667, 40.8927778], 'TYPE': 'Point'}"
"232409","{'COORDINATES': [-111.2941667, 39.7102778], 'TYPE': 'Point'}"
"243879","{'COORDINATES': [-114.977029, 41.11137], 'TYPE': 'Point'}"
"231924","{'COORDINATES': [-111.1588889, 39.5388889], 'TYPE': 'Point'}"
"257000","{'COORDINATES': [-113.3878847, 37.22884932], 'TYPE': 'Point'}"
"257133","{'COORDINATES': [-109.289501, 38.59855], 'TYPE': 'Point'}"
"234058","{'COORDINATES': [-112.1669444, 37.6344444], 'TYPE': 'Point'}"
"233846","{'COORDINATES': [-111.1680556, 39.5588889], 'TYPE': 'Point'}"
"232253","{'COORDINATES': [-111.2923, 39.2951], 'TYPE': 'Point'}"
"234265","{'COORDINATES': [-111.4565877, 38.463471], 'TYPE': 'Point'}"
"234122","{'COORDINATES': [-109.7241667, 40.9286111], 'TYPE': 'Point'}"
"273822","{'COORDINATES': [-112.7892361, 37.5212389], 'TYPE': 'Point'}"
"245319","{'COORDINATES': [-114.904765, 44.161685], 'TYPE': 'Point'}"
"231897","{'COORDINATES': [-109.5516667, 40.965], 'TYPE': 'Point'}"
"10074570","{'COORDINATES': [-111.336956, 38.10006], 'TYPE': 'Point'}"
"247367","{'COORDINATES': [-110.829319, 40.911892], 'TYPE': 'Point'}"
"257094","{'COORDINATES': [-113.4033116, 37.22465155], 'TYPE': 'Point'}"
"243874","{'COORDINATES': [-117.089309, 39.50153], 'TYPE': 'Point'}"
"257176","{'COORDINATES': [-112.8031469, 37.0245299], 'TYPE': 'Point'}"
"257229","{'COORDINATES': [-113.207924, 37.13842815], 'TYPE': 'Point'}"
"257220","{'COORDINATES': [-113.0310796, 37.14751415], 'TYPE': 'Point'}"
"235073","{'COORDINATES': [-111.75, 38.811], 'TYPE': 'Point'}"
"245189","{'COORDINATES': [-114.17011, 42.165809], 'TYPE': 'Point'}"
"252280","{'COORDINATES': [-109.674383, 38.205387], 'TYPE': 'Point'}"
"231916","{'COORDINATES': [-111.6936111, 37.9416667], 'TYPE': 'Point'}"
"256946","{'COORDINATES': [-110.2656333, 39.24897778], 'TYPE': 'Point'}"
"257092","{'COORDINATES': [-113.4020311, 37.210231], 'TYPE': 'Point'}"
"248861","{'COORDINATES': [-109.313792, 40.911781], 'TYPE': 'Point'}"
"245138","{'COORDINATES': [-114.8757944, 44.0010314], 'TYPE': 'Point'}"
"234294","{'COORDINATES': [-109.4416667, 40.7441667], 'TYPE': 'Point'}"
"257226","{'COORDINATES': [-113.1772179, 37.14441447], 'TYPE': 'Point'}"
"233823","{'COORDINATES': [-109.5494444, 40.8825], 'TYPE': 'Point'}"
"231901","{'COORDINATES': [-109.3572222, 40.9227778], 'TYPE': 'Point'}"
"256995","{'COORDINATES': [-113.62, 39.078], 'TYPE': 'Point'}"
"250039","{'COORDINATES': [-111.2510361, 39.5222167], 'TYPE': 'Point'}"
"251448","{'COORDINATES': [-121.7680556, 43.915], 'TYPE': 'Point'}"
"231908","{'COORDINATES': [-109.4391667, 40.9263889], 'TYPE': 'Point'}"
"239049","{'COORDINATES': [-111.1003, 43.1849], 'TYPE': 'Point'}"
"255118","{'COORDINATES': [-109.3517694, 38.7382889], 'TYPE': 'Point'}"
"232411","{'COORDINATES': [-111.4977778, 39.3269444], 'TYPE': 'Point'}"
"259557","{'COORDINATES': [-108.9907444, 40.5204583], 'TYPE': 'Point'}"
"256945","{'COORDINATES': [-110.6618278, 39.08013333], 'TYPE': 'Point'}"
"232414","{'COORDINATES': [-111.4552778, 39.1455556], 'TYPE': 'Point'}"
"256939","{'COORDINATES': [-110.42495, 38.943047], 'TYPE': 'Point'}"
"234317","{'COORDINATES': [-109.9125, 40.6625], 'TYPE': 'Point'}"
"231914","{'COORDINATES': [-112.2625, 37.6125], 'TYPE': 'Point'}"
"243880","{'COORDINATES': [-114.872365, 39.255005], 'TYPE': 'Point'}"
"257225","{'COORDINATES': [-112.9646414, 37.05196773], 'TYPE': 'Point'}"
"231905","{'COORDINATES': [-109.4111111, 40.9116667], 'TYPE': 'Point'}"
"257157","{'COORDINATES': [-110.777323, 38.110846], 'TYPE': 'Point'}"
"256959","{'COORDINATES': [-110.758775, 39.09315833], 'TYPE': 'Point'}"
"253457","{'COORDINATES': [-109.3240389, 38.7592194], 'TYPE': 'Point'}"
"256997","{'COORDINATES': [-112.112166, 39.76833], 'TYPE': 'Point'}"
"257100","{'COORDINATES': [-113.3927696, 37.22915102], 'TYPE': 'Point'}"
"256909","{'COORDINATES': [-109.9157333, 39.8393], 'TYPE': 'Point'}"
"234713","{'COORDINATES': [-113.47, 37.3786111], 'TYPE': 'Point'}"
"232779","{'COORDINATES': [-121.9619444, 43.4944444], 'TYPE': 'Point'}"
"233793","{'COORDINATES': [-110.7752778, 39.8841667], 'TYPE': 'Point'}"
"236556","{'COORDINATES': [-109.550076, 41.094596], 'TYPE': 'Point'}"
"257036","{'COORDINATES': [-111.1142556, 39.29764167], 'TYPE': 'Point'}"
"247125","{'COORDINATES': [-110.6135419, 40.93464078], 'TYPE': 'Point'}"
"236563","{'COORDINATES': [-109.7133333, 40.92333333], 'TYPE': 'Point'}"
"202130","{'COORDINATES': [-109.48819, 38.64933], 'TYPE': 'Point'}"
"239002","{'COORDINATES': [-111.3989, 44.3912], 'TYPE': 'Point'}"
"272245","{'COORDINATES': [-111.2468889, 38.2824861], 'TYPE': 'Point'}"
"231915","{'COORDINATES': [-111.9525, 37.7455556], 'TYPE': 'Point'}"
"246945","{'COORDINATES': [-111.654081, 41.662097], 'TYPE': 'Point'}"
"239106","{'COORDINATES': None, 'TYPE': '}"
"245194","{'COORDINATES': [-113.651841, 42.319094], 'TYPE': 'Point'}"
"257096","{'COORDINATES': [-113.4008738, 37.22494982], 'TYPE': 'Point'}"
"233385","{'COORDINATES': [-111.6005556, 39.1208333], 'TYPE': 'Point'}"
"202146","{'COORDINATES': [-109.1808, 38.4843], 'TYPE': 'Point'}"
"202151","{'COORDINATES': [-109.55782, 38.60967], 'TYPE': 'Point'}"
"257030","{'COORDINATES': [-110.6855417, 38.66777778], 'TYPE': 'Point'}"
"202161","{'COORDINATES': [-109.462012, 38.176275], 'TYPE': 'Point'}"
"256937","{'COORDINATES': [-110.9263028, 39.04188889], 'TYPE': 'Point'}"
"232408","{'COORDINATES': [-111.5402778, 39.2533333], 'TYPE': 'Point'}"
"257188","{'COORDINATES': [-112.8137047, 37.2359343], 'TYPE': 'Point'}"
"232026","{'COORDINATES': [-112.9033333, 37.5919444], 'TYPE': 'Point'}"
"233152","{'COORDINATES': [-111.2869444, 39.3063889], 'TYPE': 'Point'}"
"245159","{'COORDINATES': [-114.881898, 43.606801], 'TYPE': 'Point'}"
"233824","{'COORDINATES': [-109.5591667, 40.8894444], 'TYPE': 'Point'}"
"234079","{'COORDINATES': [-112.1669444, 37.6344444], 'TYPE': 'Point'}"
"247369","{'COORDINATES': [-110.538415, 40.884468], 'TYPE': 'Point'}"
"245230","{'COORDINATES': None, 'TYPE': '}"
"234293","{'COORDINATES': [-109.5008333, 40.7430556], 'TYPE': 'Point'}"
"257159","{'COORDINATES': [-110.848157, 38.072028], 'TYPE': 'Point'}"
"245164","{'COORDINATES': [-115.132042, 43.423767], 'TYPE': 'Point'}"
"257145","{'COORDINATES': [-109.10142, 39.08638], 'TYPE': 'Point'}"
"257221","{'COORDINATES': [-112.940286, 37.039389], 'TYPE': 'Point'}"
"245165","{'COORDINATES': [-114.900558, 43.727218], 'TYPE': 'Point'}"
"257027","{'COORDINATES': [-110.8226, 38.576627], 'TYPE': 'Point'}"
"231900","{'COORDINATES': [-109.4433333, 40.9072222], 'TYPE': 'Point'}"
"245197","{'COORDINATES': [-113.674353, 42.218269], 'TYPE': 'Point'}"
"243903","{'COORDINATES': [-119.4492, 38.2999], 'TYPE': 'Point'}"
"251836","{'COORDINATES': [-109.4622, 38.1775111], 'TYPE': 'Point'}"
"234528","{'COORDINATES': [-111.6594444, 37.9997222], 'TYPE': 'Point'}"
"247012","{'COORDINATES': [-111.654881, 41.773639], 'TYPE': 'Point'}"
"233288","{'COORDINATES': [-111.5330556, 42.0961111], 'TYPE': 'Point'}"
"232416","{'COORDINATES': [-111.2969444, 39.6875], 'TYPE': 'Point'}"
"234316","{'COORDINATES': [-109.5186111, 40.6672222], 'TYPE': 'Point'}"
"257233","{'COORDINATES': [-113.1848993, 37.14127101], 'TYPE': 'Point'}"
"234059","{'COORDINATES': [-109.5891667, 38.7769444], 'TYPE': 'Point'}"
"257099","{'COORDINATES': [-113.4262273, 37.18928435], 'TYPE': 'Point'}"
"247168","{'COORDINATES': None, 'TYPE': '}"
"270821","{'COORDINATES': [-112.297, 37.681], 'TYPE': 'Point'}"
"257150","{'COORDINATES': [-112.6675179, 37.16181999], 'TYPE': 'Point'}"
"232445","{'COORDINATES': [-112.9863889, 37.1986111], 'TYPE': 'Point'}"
"257040","{'COORDINATES': [-110.4886389, 38.78576389], 'TYPE': 'Point'}"
"257025","{'COORDINATES': [-110.9594278, 38.566575], 'TYPE': 'Point'}"
"233792","{'COORDINATES': [-110.8458333, 40.4972222], 'TYPE': 'Point'}"
"257055","{'COORDINATES': [-113.2427386, 37.13494262], 'TYPE': 'Point'}"
"245205","{'COORDINATES': None, 'TYPE': '}"
"234297","{'COORDINATES': [-112.3666667, 38.7583333], 'TYPE': 'Point'}"
"257156","{'COORDINATES': [-112.00985, 38.18507], 'TYPE': 'Point'}"
"202152","{'COORDINATES': [-109.47673, 38.64163], 'TYPE': 'Point'}"
"231769","{'COORDINATES': [-109.6046, 38.538], 'TYPE': 'Point'}"
"234777","{'COORDINATES': [-109.2447278, 40.4224028], 'TYPE': 'Point'}"
"257222","{'COORDINATES': [-112.9403404, 37.0393598], 'TYPE': 'Point'}"
"256948","{'COORDINATES': [-109.633423, 38.575684], 'TYPE': 'Point'}"
"256943","{'COORDINATES': [-110.6268444, 39.17314444], 'TYPE': 'Point'}"
"233931","{'COORDINATES': [-111.8152778, 37.9205556], 'TYPE': 'Point'}"
"251835","{'COORDINATES': [-109.3517694, 38.7382889], 'TYPE': 'Point'}"
"257254","{'COORDINATES': [-113.270345, 39.204615], 'TYPE': 'Point'}"
"257236","{'COORDINATES': [-113.2375566, 37.19551897], 'TYPE': 'Point'}"
"243873","{'COORDINATES': [-119.281055, 38.267929], 'TYPE': 'Point'}"
"239104","{'COORDINATES': None, 'TYPE': '}"
"245158","{'COORDINATES': [-114.789537, 43.342634], 'TYPE': 'Point'}"
"256953","{'COORDINATES': [-109.323975, 38.759277], 'TYPE': 'Point'}"
"245369","{'COORDINATES': [-111.737, 37.931], 'TYPE': 'Point'}"
"257253","{'COORDINATES': [-112.29742, 39.74793], 'TYPE': 'Point'}"
"245273","{'COORDINATES': [-114.886628, 44.162487], 'TYPE': 'Point'}"
"256887","{'COORDINATES': [-112.01472, 38.17303], 'TYPE': 'Point'}"
"233854","{'COORDINATES': [-111.6252778, 42.1394444], 'TYPE': 'Point'}"
"232110","{'COORDINATES': [-112.8125, 37.5327778], 'TYPE': 'Point'}"
"257054","{'COORDINATES': [-113.2180998, 37.20047515], 'TYPE': 'Point'}"
"245209","{'COORDINATES': None, 'TYPE': '}"
"232039","{'COORDINATES': [-112.6847222, 37.5186111], 'TYPE': 'Point'}"
"257173","{'COORDINATES': [-113.3874231, 37.22915558], 'TYPE': 'Point'}"
"256998","{'COORDINATES': [-113.316, 39.8418], 'TYPE': 'Point'}"
"243885","{'COORDINATES': [-119.2261, 38.0676], 'TYPE': 'Point'}"
"203845","{'COORDINATES': [-109.0667038, 40.5833015], 'TYPE': 'Point'}"
"233821","{'COORDINATES': [-109.4577778, 40.8816667], 'TYPE': 'Point'}"
"233816","{'COORDINATES': [-110.3361111, 40.5419444], 'TYPE': 'Point'}"
"231921","{'COORDINATES': [-111.7161111, 38.5555556], 'TYPE': 'Point'}"
"257117","{'COORDINATES': [-113.35231, 39.129359], 'TYPE': 'Point'}"
"233819","{'COORDINATES': [-109.5269444, 40.8627778], 'TYPE': 'Point'}"
"233996","{'COORDINATES': [-109.4805556, 40.9319444], 'TYPE': 'Point'}"
"10006177","{'COORDINATES': [-112.024783, 37.019068], 'TYPE': 'Point'}"
"257232","{'COORDINATES': [-113.211424, 37.13925312], 'TYPE': 'Point'}"
"10012141","{'COORDINATES': [-109.10397, 39.08877], 'TYPE': 'Point'}"
"257223","{'COORDINATES': [-112.9618229, 37.05802391], 'TYPE': 'Point'}"
"257184","{'COORDINATES': [-112.8316509, 37.0486341], 'TYPE': 'Point'}"
"232412","{'COORDINATES': [-111.1594444, 39.5008333], 'TYPE': 'Point'}"
"247184","{'COORDINATES': [-110.830017, 40.910075], 'TYPE': 'Point'}"
"257224","{'COORDINATES': [-112.9547126, 37.03750454], 'TYPE': 'Point'}"
"257021","{'COORDINATES': [-110.1259444, 38.71032222], 'TYPE': 'Point'}"
"236557","{'COORDINATES': None, 'TYPE': '}"
"10150488","{'COORDINATES': [-111.733631, 41.748231], 'TYPE': 'Point'}"
"231920","{'COORDINATES': [-111.6788889, 38.6088889], 'TYPE': 'Point'}"
"257024","{'COORDINATES': [-110.0897722, 38.57595278], 'TYPE': 'Point'}"
"233976","{'COORDINATES': [-111.5194444, 42.095], 'TYPE': 'Point'}"
"251839","{'COORDINATES': [-109.6021889, 38.4810806], 'TYPE': 'Point'}"
"257235","{'COORDINATES': [-113.2606732, 37.19142487], 'TYPE': 'Point'}"
"251709","{'COORDINATES': [-111.2513889, 38.2791528], 'TYPE': 'Point'}"
"232034","{'COORDINATES': [-112.9086111, 37.5736111], 'TYPE': 'Point'}"
"256996","{'COORDINATES': [-112.975013, 38.971891], 'TYPE': 'Point'}"
"234234","{'COORDINATES': [-110.6116667, 40.53], 'TYPE': 'Point'}"
"257001","{'COORDINATES': [-113.4044322, 37.22396678], 'TYPE': 'Point'}"
"257002","{'COORDINATES': [-113.3964166, 37.20863955], 'TYPE': 'Point'}"
"202159","{'COORDINATES': [-109.476531, 38.643598], 'TYPE': 'Point'}"
"234257","{'COORDINATES': [-112.2668194, 39.3497028], 'TYPE': 'Point'}"
"252281","{'COORDINATES': [-109.6338889, 38.1702778], 'TYPE': 'Point'}"
"232405","{'COORDINATES': [-109.539658, 37.781744], 'TYPE': 'Point'}"
"232272","{'COORDINATES': [-109.411443, 37.736708], 'TYPE': 'Point'}"
"231899","{'COORDINATES': [-109.4497222, 40.9088889], 'TYPE': 'Point'}"
"234245","{'COORDINATES': [-111.6833333, 38.8011111], 'TYPE': 'Point'}"
"232080","{'COORDINATES': [-112.6561111, 37.7025], 'TYPE': 'Point'}"
"233290","{'COORDINATES': [-111.4889222, 42.1073139], 'TYPE': 'Point'}"
"256999","{'COORDINATES': [-113.399508, 37.2099546], 'TYPE': 'Point'}"
"239108","{'COORDINATES': None, 'TYPE': '}"
"243877","{'COORDINATES': [-115.739296, 40.835436], 'TYPE': 'Point'}"
"202156","{'COORDINATES': [-109.60064, 38.54313], 'TYPE': 'Point'}"
"248860","{'COORDINATES': None, 'TYPE': '}"
"255307","{'COORDINATES': [-109.359, 38.737], 'TYPE': 'Point'}"
"234285","{'COORDINATES': [-109.76, 40.7908333], 'TYPE': 'Point'}"
"251838","{'COORDINATES': [-109.8142389, 38.5843111], 'TYPE': 'Point'}"
"233148","{'COORDINATES': [-111.3261111, 38.1005556], 'TYPE': 'Point'}"
"247341","{'COORDINATES': [-110.366206, 41.033706], 'TYPE': 'Point'}"
"232413","{'COORDINATES': [-111.6863889, 39.5569444], 'TYPE': 'Point'}"
"247166","{'COORDINATES': None, 'TYPE': '}"
"236592","{'COORDINATES': [-109.174817, 40.543988], 'TYPE': 'Point'}"
"233992","{'COORDINATES': [-111.38067, 39.13503], 'TYPE': 'Point'}"
"234572","{'COORDINATES': [-111.5761111, 38.1952778], 'TYPE': 'Point'}"
"233822","{'COORDINATES': [-109.5358333, 40.8733333], 'TYPE': 'Point'}"
"257228","{'COORDINATES': [-113.196096, 37.13867345], 'TYPE': 'Point'}"
"257247","{'COORDINATES': [-110.6658556, 39.07919167], 'TYPE': 'Point'}"
"239109","{'COORDINATES': [-111.4567, 44.0713], 'TYPE': 'Point'}"
"245140","{'COORDINATES': [-114.840742, 43.92886251], 'TYPE': 'Point'}"
"257091","{'COORDINATES': [-113.3975963, 37.21479493], 'TYPE': 'Point'}"
"257177","{'COORDINATES': [-112.4487264, 37.07979389], 'TYPE': 'Point'}"
"243884","{'COORDINATES': [-117.717736, 40.975968], 'TYPE': 'Point'}"
"256944","{'COORDINATES': [-110.7294556, 39.16086111], 'TYPE': 'Point'}"
"251565","{'COORDINATES': [-111.6744444, 41.6591667], 'TYPE': 'Point'}"
"257178","{'COORDINATES': [-112.5262935, 37.08269208], 'TYPE': 'Point'}"
"257034","{'COORDINATES': [-110.7665306, 38.62506667], 'TYPE': 'Point'}"
"245175","{'COORDINATES': [-113.793822, 42.506397], 'TYPE': 'Point'}"
"256898","{'COORDINATES': [-109.2506984, 38.970407], 'TYPE': 'Point'}"
"250036","{'COORDINATES': [-109.3152778, 40.9111111], 'TYPE': 'Point'}"
"245187","{'COORDINATES': [-114.282166, 42.182669], 'TYPE': 'Point'}"
"232410","{'COORDINATES': [-111.4869444, 39.1230556], 'TYPE': 'Point'}"
"252628","{'COORDINATES': [-109.292738, 38.491413], 'TYPE': 'Point'}"
"233794","{'COORDINATES': [-110.8727778, 40.5341667], 'TYPE': 'Point'}"
"232139","{'COORDINATES': [-109.4655, 40.8136667], 'TYPE': 'Point'}"
"233852","{'COORDINATES': [-111.2969444, 42.5591667], 'TYPE': 'Point'}"
"257158","{'COORDINATES': [-110.663443, 37.849015], 'TYPE': 'Point'}"
"266144","{'COORDINATES': [-109.5270972, 38.5676972], 'TYPE': 'Point'}"
"251841","{'COORDINATES': [-109.5578194, 38.6096694], 'TYPE': 'Point'}"
"256994","{'COORDINATES': [-113.307711, 39.141512], 'TYPE': 'Point'}"
"245170","{'COORDINATES': [-114.858902, 43.627901], 'TYPE': 'Point'}"
"245244","{'COORDINATES': None, 'TYPE': '}"
"232244","{'COORDINATES': [-113.4666667, 37.3766667], 'TYPE': 'Point'}"
"257045","{'COORDINATES': [-110.9213389, 38.57886389], 'TYPE': 'Point'}"
"256973","{'COORDINATES': [-110.9982556, 38.68397222], 'TYPE': 'Point'}"
"257152","{'COORDINATES': [-111.70621, 39.22367], 'TYPE': 'Point'}"
"273377","{'COORDINATES': [-111.3055556, 39.6961111], 'TYPE': 'Point'}"
"257230","{'COORDINATES': [-113.1714515, 37.14162054], 'TYPE': 'Point'}"
"233168","{'COORDINATES': [-111.4294444, 39.3122222], 'TYPE': 'Point'}"
"10068990","{'COORDINATES': [-115.134433, 43.625972], 'TYPE': 'Point'}"
"243875","{'COORDINATES': [-117.227849, 38.06571], 'TYPE': 'Point'}"
"257059","{'COORDINATES': [-113.2347918, 37.19618277], 'TYPE': 'Point'}"
"257007","{'COORDINATES': [-109.621006, 38.145151], 'TYPE': 'Point'}"
"247058","{'COORDINATES': [-110.112264, 40.922234], 'TYPE': 'Point'}"
"235068","{'COORDINATES': [-112.409, 38.403], 'TYPE': 'Point'}"
"256902","{'COORDINATES': [-109.307617, 38.810486], 'TYPE': 'Point'}"
"233149","{'COORDINATES': [-111.2768361, 38.1063722], 'TYPE': 'Point'}"
"239007","{'COORDINATES': [-111.0150756, 44.12922313], 'TYPE': 'Point'}"
"233796","{'COORDINATES': [-111.1755556, 39.5519444], 'TYPE': 'Point'}"
"257118","{'COORDINATES': [-112.5541, 39.135], 'TYPE': 'Point'}"
"234171","{'COORDINATES': [-111.26, 39.58], 'TYPE': 'Point'}"
"239105","{'COORDINATES': None, 'TYPE': '}"
"233797","{'COORDINATES': [-111.1555556, 39.5125], 'TYPE': 'Point'}"
"234230","{'COORDINATES': [-110.6227778, 40.5327778], 'TYPE': 'Point'}"
"233167","{'COORDINATES': [-111.4580556, 39.1408333], 'TYPE': 'Point'}"
"257026","{'COORDINATES': [-110.1698528, 38.68473333], 'TYPE': 'Point'}"
"251842","{'COORDINATES': [-109.4797583, 38.6486389], 'TYPE': 'Point'}"
"232415","{'COORDINATES': [-111.2375, 39.4427778], 'TYPE': 'Point'}"
"233995","{'COORDINATES': [-109.4777778, 40.9294444], 'TYPE': 'Point'}"
"247163","{'COORDINATES': None, 'TYPE': '}"
"232010","{'COORDINATES': [-111.6111111, 40.5763889], 'TYPE': 'Point'}"
"245179","{'COORDINATES': None, 'TYPE': '}"
"247142","{'COORDINATES': [-110.583369, 41.005205], 'TYPE': 'Point'}"
"256346","{'COORDINATES': [-109.586925, 38.5538806], 'TYPE': 'Point'}"
"256956","{'COORDINATES': [-109.613892, 38.3797], 'TYPE': 'Point'}"
"245180","{'COORDINATES': [-114.277332, 42.171084], 'TYPE': 'Point'}"
"243702","{'COORDINATES': [-118.6923, 44.754881], 'TYPE': 'Point'}"
"251894","{'COORDINATES': [-122.162651, 43.310697], 'TYPE': 'Point'}"
"236934","{'COORDINATES': [-120.377, 44.0491], 'TYPE': 'Point'}"
"10005523","{'COORDINATES': [-118.624208, 42.719085], 'TYPE': 'Point'}"
"10078676","{'COORDINATES': [-117.786291, 46.099718], 'TYPE': 'Point'}"
"266138","{'COORDINATES': [-121.8541611, 43.5882139], 'TYPE': 'Point'}"
"10001666","{'COORDINATES': [-120.82925, 44.14494], 'TYPE': 'Point'}"
"234161","{'COORDINATES': [-124.045, 42.2366667], 'TYPE': 'Point'}"
"274330","{'COORDINATES': [-120.81416, 44.13544], 'TYPE': 'Point'}"
"233707","{'COORDINATES': [-122.2125, 42.3847222], 'TYPE': 'Point'}"
"248324","{'COORDINATES': [-119.54770903, 45.34450304], 'TYPE': 'Point'}"
"265397","{'COORDINATES': [0, 0], 'TYPE': 'Point'}"
"234185","{'COORDINATES': [-120.15783, 42.30056], 'TYPE': 'Point'}"
"233136","{'COORDINATES': [-118.2335528, 44.9631917], 'TYPE': 'Point'}"
"267554","{'COORDINATES': [-121.6374889, 44.1312389], 'TYPE': 'Point'}"
"233326","{'COORDINATES': [-121.6480556, 45.3988889], 'TYPE': 'Point'}"
"234144","{'COORDINATES': [-122.641772, 43.580997], 'TYPE': 'Point'}"
"237822","{'COORDINATES': [-117.112640435, 45.841778882], 'TYPE': 'Point'}"
"10279174","{'COORDINATES': [-120.409691, 45.59608], 'TYPE': 'Point'}"
"234994","{'COORDINATES': [-123.2753, 41.2396], 'TYPE': 'Point'}"
"251357","{'COORDINATES': [-122.800443, 43.324534], 'TYPE': 'Point'}"
"234159","{'COORDINATES': [-124.165, 42.344], 'TYPE': 'Point'}"
"233225","{'COORDINATES': [-122.0166667, 43.4616667], 'TYPE': 'Point'}"
"233198","{'COORDINATES': [-121.6391667, 44.4819444], 'TYPE': 'Point'}"
"232837","{'COORDINATES': [-121.867252, 45.305163], 'TYPE': 'Point'}"
"265414","{'COORDINATES': [0, 0], 'TYPE': 'Point'}"
"251454","{'COORDINATES': [-123.0647222, 44.1363889], 'TYPE': 'Point'}"
"234138","{'COORDINATES': [-119.66185, 44.873432], 'TYPE': 'Point'}"
"254094","{'COORDINATES': [-122.00745, 43.7469389], 'TYPE': 'Point'}"
"250072","{'COORDINATES': [-122.73216, 43.0454], 'TYPE': 'Point'}"
"233236","{'COORDINATES': [-118.2319444, 44.9644444], 'TYPE': 'Point'}"
"274478","{'COORDINATES': [-121.095326, 44.815894], 'TYPE': 'Point'}"
"243693","{'COORDINATES': [-118.574, 44.718158], 'TYPE': 'Point'}"
"246223","{'COORDINATES': [-121.88203, 42.574374], 'TYPE': 'Point'}"
"234711","{'COORDINATES': [-121.9744444, 43.5019444], 'TYPE': 'Point'}"
"234157","{'COORDINATES': [-122.3925632, 42.40649749], 'TYPE': 'Point'}"
"273310","{'COORDINATES': [-122.846386, 44.228751], 'TYPE': 'Point'}"
"248519","{'COORDINATES': [-121.106766, 45.644573], 'TYPE': 'Point'}"
"234217","{'COORDINATES': [-118.991367, 43.799206], 'TYPE': 'Point'}"
"234219","{'COORDINATES': [-122.0416667, 43.6930556], 'TYPE': 'Point'}"
"237124","{'COORDINATES': [-121.9823299, 43.56496673], 'TYPE': 'Point'}"
"237894","{'COORDINATES': [-118.317279006, 44.529891009], 'TYPE': 'Point'}"
"248518","{'COORDINATES': [-120.82863142, 45.68183132], 'TYPE': 'Point'}"
"233341","{'COORDINATES': [-122.2629694, 44.2011], 'TYPE': 'Point'}"
"262728","{'COORDINATES': [-121.138712, 42.209823], 'TYPE': 'Point'}"
"274523","{'COORDINATES': None, 'TYPE': '}"
"251712","{'COORDINATES': [-122.25, 42.47], 'TYPE': 'Point'}"
"252282","{'COORDINATES': [-121.97, 43.5011111], 'TYPE': 'Point'}"
"10283852","{'COORDINATES': [-120.95741, 45.308084], 'TYPE': 'Point'}"
"232873","{'COORDINATES': [-121.385283, 45.216939], 'TYPE': 'Point'}"
"234149","{'COORDINATES': [-122.8547, 42.943699], 'TYPE': 'Point'}"
"236892","{'COORDINATES': [-119.804511, 44.234305], 'TYPE': 'Point'}"
"251360","{'COORDINATES': [-122.408472, 43.273176], 'TYPE': 'Point'}"
"262741","{'COORDINATES': [-120.944932, 43.071327], 'TYPE': 'Point'}"
"10221499","{'COORDINATES': [-122.22813, 42.25073], 'TYPE': 'Point'}"
"234146","{'COORDINATES': [-122.7285, 43.339939], 'TYPE': 'Point'}"
"267072","{'COORDINATES': [-121.8002361, 43.8246611], 'TYPE': 'Point'}"
"260559","{'COORDINATES': [-121.334252, 44.288562], 'TYPE': 'Point'}"
"251577","{'COORDINATES': [-121.6273389, 44.5280306], 'TYPE': 'Point'}"
"237803","{'COORDINATES': [-117.572261, 45.148175], 'TYPE': 'Point'}"
"233156","{'COORDINATES': [-122.9275, 43.3986111], 'TYPE': 'Point'}"
"267081","{'COORDINATES': [-121.6414472, 44.5013417], 'TYPE': 'Point'}"
"234155","{'COORDINATES': [-124.028, 42.694], 'TYPE': 'Point'}"
"244091","{'COORDINATES': [-122.533322, 43.758636], 'TYPE': 'Point'}"
"10314202","{'COORDINATES': [-118.15549, 43.80335], 'TYPE': 'Point'}"
"246222","{'COORDINATES': [-121.787847, 43.225875], 'TYPE': 'Point'}"
"232856","{'COORDINATES': [-121.958611, 45.073611], 'TYPE': 'Point'}"
"267082","{'COORDINATES': [-121.607425, 44.3605167], 'TYPE': 'Point'}"
"252367","{'COORDINATES': [-121.56988, 45.5338], 'TYPE': 'Point'}"
"234189","{'COORDINATES': [-122.3663833, 43.5434306], 'TYPE': 'Point'}"
"231800","{'COORDINATES': [-122.05661, 42.90924], 'TYPE': 'Point'}"
"233305","{'COORDINATES': [-121.7902778, 44.8138889], 'TYPE': 'Point'}"
"231984","{'COORDINATES': [-122.1488051, 44.160072], 'TYPE': 'Point'}"
"232839","{'COORDINATES': [-122.151444, 45.160502], 'TYPE': 'Point'}"
"232863","{'COORDINATES': [-121.74755, 45.101285], 'TYPE': 'Point'}"
"237001","{'COORDINATES': [-121.85487, 43.56646], 'TYPE': 'Point'}"
"272044","{'COORDINATES': [-123.7219444, 44.54416667], 'TYPE': 'Point'}"
"245986","{'COORDINATES': [-119.5578, 45.353], 'TYPE': 'Point'}"
"10321880","{'COORDINATES': [-121.005574, 45.309082], 'TYPE': 'Point'}"
"246229","{'COORDINATES': None, 'TYPE': '}"
"262739","{'COORDINATES': [-122.041944, 42.123387], 'TYPE': 'Point'}"
"234992","{'COORDINATES': [-122.934797, 41.068191], 'TYPE': 'Point'}"
"267553","{'COORDINATES': [-121.7765222, 43.8131639], 'TYPE': 'Point'}"
"246000","{'COORDINATES': [-118.9324, 45.134], 'TYPE': 'Point'}"
"264683","{'COORDINATES': [-123.8336953, 45.14961864], 'TYPE': 'Point'}"
"246225","{'COORDINATES': [-120.363797, 42.218113], 'TYPE': 'Point'}"
"251895","{'COORDINATES': [-122.187839, 43.319223], 'TYPE': 'Point'}"
"234730","{'COORDINATES': [-122.2083889, 44.04225], 'TYPE': 'Point'}"
"233133","{'COORDINATES': [-122.57077, 43.9256], 'TYPE': 'Point'}"
"10319389","{'COORDINATES': [-119.611289, 44.780507], 'TYPE': 'Point'}"
"234631","{'COORDINATES': [-122.3790542, 42.65388649], 'TYPE': 'Point'}"
"252341","{'COORDINATES': [-121.79247, 45.57731], 'TYPE': 'Point'}"
"234779","{'COORDINATES': [-121.141687, 44.49448], 'TYPE': 'Point'}"
"232842","{'COORDINATES': [-122.152031, 45.163541], 'TYPE': 'Point'}"
"232838","{'COORDINATES': [-121.836551, 45.382076], 'TYPE': 'Point'}"
"244100","{'COORDINATES': [-122.1278175, 44.82242817], 'TYPE': 'Point'}"
"233964","{'COORDINATES': [-123.835, 44.3711111], 'TYPE': 'Point'}"
"248323","{'COORDINATES': [-122.61514164, 42.68453925], 'TYPE': 'Point'}"
"267083","{'COORDINATES': [-121.6391694, 44.4853222], 'TYPE': 'Point'}"
"251883","{'COORDINATES': [-122.096986, 43.317896], 'TYPE': 'Point'}"
"251566","{'COORDINATES': [-121.6222222, 44.5505556], 'TYPE': 'Point'}"
"234187","{'COORDINATES': [-121.0317, 43.0093], 'TYPE': 'Point'}"
"234646","{'COORDINATES': [-122.742553, 43.706581], 'TYPE': 'Point'}"
"233820","{'COORDINATES': [-122.5822222, 43.9736111], 'TYPE': 'Point'}"
"234174","{'COORDINATES': [-122.0066, 44.4035], 'TYPE': 'Point'}"
"267076","{'COORDINATES': [-121.4780806, 44.6212583], 'TYPE': 'Point'}"
"10071157","{'COORDINATES': [0, 0], 'TYPE': 'Point'}"
"233895","{'COORDINATES': [-120.3366667, 44.4330556], 'TYPE': 'Point'}"
"244134","{'COORDINATES': [-121.914004, 44.17695327], 'TYPE': 'Point'}"
"248318","{'COORDINATES': [-120.20728799, 45.72292134], 'TYPE': 'Point'}"
"234661","{'COORDINATES': [-121.6330556, 43.7683333], 'TYPE': 'Point'}"
"244139","{'COORDINATES': [-122.2198582, 44.05819541], 'TYPE': 'Point'}"
"264659","{'COORDINATES': [-124.128246, 43.801515], 'TYPE': 'Point'}"
"265229","{'COORDINATES': None, 'TYPE': '}"
"10155457","{'COORDINATES': [-121.130251, 45.126444], 'TYPE': 'Point'}"
"246221","{'COORDINATES': [-121.046048, 42.400068], 'TYPE': 'Point'}"
"264601","{'COORDINATES': [-124.11836, 44.087483], 'TYPE': 'Point'}"
"234250","{'COORDINATES': [-118.2305556, 44.9622222], 'TYPE': 'Point'}"
"255175","{'COORDINATES': [-117.503261, 43.214726], 'TYPE': 'Point'}"
"234163","{'COORDINATES': [-123.6163889, 42.4544444], 'TYPE': 'Point'}"
"231983","{'COORDINATES': [-122.08383, 43.95089], 'TYPE': 'Point'}"
"233237","{'COORDINATES': [-121.14916667, 44.49166667], 'TYPE': 'Point'}"
"251546","{'COORDINATES': [-123.0118778, 42.0696833], 'TYPE': 'Point'}"
"233916","{'COORDINATES': [-123.9252778, 44.3930556], 'TYPE': 'Point'}"
"266142","{'COORDINATES': [-121.6938556, 44.5078222], 'TYPE': 'Point'}"
"232847","{'COORDINATES': [-122.11423, 45.157197], 'TYPE': 'Point'}"
"251351","{'COORDINATES': [-122.8933333, 43.2966667], 'TYPE': 'Point'}"
"234991","{'COORDINATES': [-122.8471501, 41.6012624], 'TYPE': 'Point'}"
"274520","{'COORDINATES': None, 'TYPE': '}"
"232787","{'COORDINATES': [-121.7319444, 44.42], 'TYPE': 'Point'}"
"237750","{'COORDINATES': [-117.3760972, 45.2503361], 'TYPE': 'Point'}"
"251907","{'COORDINATES': [-122.408472, 43.273176], 'TYPE': 'Point'}"
"234205","{'COORDINATES': [-118.4981107, 44.79662944], 'TYPE': 'Point'}"
"270729","{'COORDINATES': [-119.992617, 44.33238009], 'TYPE': 'Point'}"
"251769","{'COORDINATES': [-120.8343, 42.8666], 'TYPE': 'Point'}"
"266140","{'COORDINATES': [-121.6274833, 43.7254028], 'TYPE': 'Point'}"
"237021","{'COORDINATES': [-121.64151, 44.46848], 'TYPE': 'Point'}"
"251885","{'COORDINATES': [-122.730496, 43.34777], 'TYPE': 'Point'}"
"233186","{'COORDINATES': [-123.1144444, 42.0547222], 'TYPE': 'Point'}"
"251567","{'COORDINATES': [-121.9965278, 43.4591889], 'TYPE': 'Point'}"
"234675","{'COORDINATES': [-120.4266, 44.3975], 'TYPE': 'Point'}"
"10155245","{'COORDINATES': [-120.931064, 45.336445], 'TYPE': 'Point'}"
"246126","{'COORDINATES': [-118.0773975, 45.80556196], 'TYPE': 'Point'}"
"234477","{'COORDINATES': [-121.6086111, 44.5338889], 'TYPE': 'Point'}"
"234183","{'COORDINATES': [-120.1936885, 42.29130085], 'TYPE': 'Point'}"
"255182","{'COORDINATES': [-119.612, 43.545938], 'TYPE': 'Point'}"
"234203","{'COORDINATES': [-123.0333825, 42.11265763], 'TYPE': 'Point'}"
"237734","{'COORDINATES': [-117.382778, 45.257367], 'TYPE': 'Point'}"
"267079","{'COORDINATES': [-122.0091111, 43.5856111], 'TYPE': 'Point'}"
"233965","{'COORDINATES': [-124.0911111, 44.3672222], 'TYPE': 'Point'}"
"233197","{'COORDINATES': [-121.6405556, 44.4933333], 'TYPE': 'Point'}"
"246101","{'COORDINATES': [-118.36358, 46.059176], 'TYPE': 'Point'}"
"234214","{'COORDINATES': [-122.5972222, 43.8066667], 'TYPE': 'Point'}"
"244089","{'COORDINATES': [-122.192096, 44.716308], 'TYPE': 'Point'}"
"232851","{'COORDINATES': [-122.075848, 45.108807], 'TYPE': 'Point'}"
"251548","{'COORDINATES': [-122.16801, 43.16949], 'TYPE': 'Point'}"
"231979","{'COORDINATES': [-122.1472, 43.13281], 'TYPE': 'Point'}"
"265411","{'COORDINATES': [0, 0], 'TYPE': 'Point'}"
"232778","{'COORDINATES': [-122.0313889, 43.4655556], 'TYPE': 'Point'}"
"234760","{'COORDINATES': [-122.5119, 42.8648], 'TYPE': 'Point'}"
"234168","{'COORDINATES': [-124.108, 42.037], 'TYPE': 'Point'}"
"252325","{'COORDINATES': [-122.34411, 45.29486], 'TYPE': 'Point'}"
"234956","{'COORDINATES': [0, 0], 'TYPE': 'Point'}"
"234216","{'COORDINATES': [-122.2027778, 44.0386111], 'TYPE': 'Point'}"
"255174","{'COORDINATES': [-118.7665, 42.676271], 'TYPE': 'Point'}"
"267552","{'COORDINATES': [-121.6383778, 44.4550889], 'TYPE': 'Point'}"
"233193","{'COORDINATES': [-121.7631917, 43.7033417], 'TYPE': 'Point'}"
"266418","{'COORDINATES': [-123.1127922, 42.03492011], 'TYPE': 'Point'}"
"234206","{'COORDINATES': [-118.497507, 44.79655983], 'TYPE': 'Point'}"
"10039255","{'COORDINATES': [-120.793586, 44.11304], 'TYPE': 'Point'}"
"233215","{'COORDINATES': [-121.7616972, 43.9101167], 'TYPE': 'Point'}"
"248314","{'COORDINATES': [-119.8507192, 45.8554546], 'TYPE': 'Point'}"
"250145","{'COORDINATES': None, 'TYPE': '}"
"234279","{'COORDINATES': [-118.49806, 44.79694], 'TYPE': 'Point'}"
"233903","{'COORDINATES': [-123.7586111, 44.3772222], 'TYPE': 'Point'}"
"248313","{'COORDINATES': [-120.22308083, 45.73166068], 'TYPE': 'Point'}"
"274385","{'COORDINATES': None, 'TYPE': '}"
"260547","{'COORDINATES': [-120.271366, 44.739287], 'TYPE': 'Point'}"
"233894","{'COORDINATES': [-120.4252778, 44.3972222], 'TYPE': 'Point'}"
"251611","{'COORDINATES': [-123.08739, 42.11699], 'TYPE': 'Point'}"
"234184","{'COORDINATES': [-120.9069, 42.7116], 'TYPE': 'Point'}"
"232848","{'COORDINATES': [-121.694361, 45.224166], 'TYPE': 'Point'}"
"234461","{'COORDINATES': [-118.2088889, 45.4763889], 'TYPE': 'Point'}"
"248309","{'COORDINATES': [-122.61100501, 44.4277249], 'TYPE': 'Point'}"
"234103","{'COORDINATES': [-122.390731, 42.40640428], 'TYPE': 'Point'}"
"234462","{'COORDINATES': [-117.83167, 45.78667], 'TYPE': 'Point'}"
"265227","{'COORDINATES': None, 'TYPE': '}"
"234147","{'COORDINATES': [-122.9349, 43.2394], 'TYPE': 'Point'}"
"234218","{'COORDINATES': [-122.1727778, 44.0022222], 'TYPE': 'Point'}"
"234202","{'COORDINATES': [-123.0727523, 42.12619876], 'TYPE': 'Point'}"
"233770","{'COORDINATES': [-121.6797222, 44.5786111], 'TYPE': 'Point'}"
"234085","{'COORDINATES': [-121.7608333, 43.7963889], 'TYPE': 'Point'}"
"264603","{'COORDINATES': [-123.8201673, 44.37846016], 'TYPE': 'Point'}"
"234188","{'COORDINATES': [-122.113381, 43.413906], 'TYPE': 'Point'}"
"234136","{'COORDINATES': [-120.1316667, 44.3566667], 'TYPE': 'Point'}"
"251364","{'COORDINATES': [-122.6274, 43.288477], 'TYPE': 'Point'}"
"10074569","{'COORDINATES': [0, 0], 'TYPE': 'Point'}"
"232841","{'COORDINATES': [-122.207334, 45.190487], 'TYPE': 'Point'}"
"10159357","{'COORDINATES': [-120.82101, 44.08204], 'TYPE': 'Point'}"
"234306","{'COORDINATES': [-121.930379, 45.642026], 'TYPE': 'Point'}"
"234173","{'COORDINATES': [-122.255371, 44.005211], 'TYPE': 'Point'}"
"232836","{'COORDINATES': [-121.905572, 45.322123], 'TYPE': 'Point'}"
"234630","{'COORDINATES': [-122.357817, 42.359022], 'TYPE': 'Point'}"
"10319380","{'COORDINATES': [-119.622878, 44.777423], 'TYPE': 'Point'}"
"249989","{'COORDINATES': [-124.4109278, 42.8152], 'TYPE': 'Point'}"
"237752","{'COORDINATES': [-116.836428, 45.1239], 'TYPE': 'Point'}"
"251887","{'COORDINATES': [-122.525917, 43.303837], 'TYPE': 'Point'}"
"10039225","{'COORDINATES': [-120.809837, 44.128203], 'TYPE': 'Point'}"
"232846","{'COORDINATES': [-122.107149, 45.152287], 'TYPE': 'Point'}"
"265238","{'COORDINATES': [-124.0561522, 42.63457405], 'TYPE': 'Point'}"
"231982","{'COORDINATES': [-122.14184, 43.136821], 'TYPE': 'Point'}"
"232868","{'COORDINATES': [-121.770833, 45.115], 'TYPE': 'Point'}"
"244202","{'COORDINATES': [-122.265566825, 43.497120227], 'TYPE': 'Point'}"
"234154","{'COORDINATES': [-123.459391, 42.016163], 'TYPE': 'Point'}"
"244116","{'COORDINATES': [-122.2203765, 44.7104236], 'TYPE': 'Point'}"
"233339","{'COORDINATES': [-122.2247222, 44.0747222], 'TYPE': 'Point'}"
"233217","{'COORDINATES': [-121.4986111, 43.8183333], 'TYPE': 'Point'}"
"233195","{'COORDINATES': [-122.045, 43.5825], 'TYPE': 'Point'}"
"252385","{'COORDINATES': [-121.9420244, 45.3420633], 'TYPE': 'Point'}"
"232791","{'COORDINATES': [-121.7383333, 44.4194444], 'TYPE': 'Point'}"
"248315","{'COORDINATES': [-119.328575, 45.924602], 'TYPE': 'Point'}"
"265230","{'COORDINATES': [0, 0], 'TYPE': 'Point'}"
"251913","{'COORDINATES': [-119.3053444, 45.9256], 'TYPE': 'Point'}"
"237807","{'COORDINATES': [-117.679978, 45.275278], 'TYPE': 'Point'}"
"232850","{'COORDINATES': [-122.067144, 45.025031], 'TYPE': 'Point'}"
"264616","{'COORDINATES': [-123.938244, 44.101802], 'TYPE': 'Point'}"
"10000447","{'COORDINATES': [-120.83395, 44.15814], 'TYPE': 'Point'}"
"233787","{'COORDINATES': [-121.7958333, 43.9630556], 'TYPE': 'Point'}"
"258474","{'COORDINATES': None, 'TYPE': '}"
"236856","{'COORDINATES': [-119.739, 44.316], 'TYPE': 'Point'}"
"233963","{'COORDINATES': [-124.115, 44.1847222], 'TYPE': 'Point'}"
"261695","{'COORDINATES': [-124.410274, 42.815155], 'TYPE': 'Point'}"
"234621","{'COORDINATES': [-122.0837, 44.8052778], 'TYPE': 'Point'}"
"251471","{'COORDINATES': [-122.554458, 43.295236], 'TYPE': 'Point'}"
"270701","{'COORDINATES': None, 'TYPE': '}"
"233155","{'COORDINATES': [-122.9475, 43.3808333], 'TYPE': 'Point'}"
"252463","{'COORDINATES': [-121.125126, 45.457], 'TYPE': 'Point'}"
"244193","{'COORDINATES': [-122.297742, 43.710122], 'TYPE': 'Point'}"
"246052","{'COORDINATES': [-117.6283, 46.4778], 'TYPE': 'Point'}"
"262727","{'COORDINATES': [-120.371131, 43.35641], 'TYPE': 'Point'}"
"234148","{'COORDINATES': [-122.6274, 43.288477], 'TYPE': 'Point'}"
"233364","{'COORDINATES': [-122.0038889, 43.7580556], 'TYPE': 'Point'}"
"10067370","{'COORDINATES': [-122.463698, 42.167173], 'TYPE': 'Point'}"
"267073","{'COORDINATES': [-121.6203056, 43.7725361], 'TYPE': 'Point'}"
"237753","{'COORDINATES': [-118.311872, 45.384566], 'TYPE': 'Point'}"
"233154","{'COORDINATES': [-122.9463889, 43.3836111], 'TYPE': 'Point'}"
"237765","{'COORDINATES': [-116.497783, 45.56779], 'TYPE': 'Point'}"
"255188","{'COORDINATES': [-117.2388, 44.37688], 'TYPE': 'Point'}"
"234179","{'COORDINATES': [-122.7336, 42.912519], 'TYPE': 'Point'}"
"251569","{'COORDINATES': [-121.6306278, 44.3091861], 'TYPE': 'Point'}"
"266477","{'COORDINATES': [-123.7401029, 42.2950791], 'TYPE': 'Point'}"
"10279050","{'COORDINATES': [-120.00137, 44.79331], 'TYPE': 'Point'}"
"233323","{'COORDINATES': [-121.516829, 45.114494], 'TYPE': 'Point'}"
"10322469","{'COORDINATES': [-121.129682, 45.117931], 'TYPE': 'Point'}"
"10069654","{'COORDINATES': [-116.477585809, 45.635533793], 'TYPE': 'Point'}"
"251581","{'COORDINATES': [-121.7856694, 43.96335], 'TYPE': 'Point'}"
"10135533","{'COORDINATES': [-118.5951752, 44.78344788], 'TYPE': 'Point'}"
"255189","{'COORDINATES': [-117.461025, 43.146148], 'TYPE': 'Point'}"
"267070","{'COORDINATES': [-121.9636861, 43.5625167], 'TYPE': 'Point'}"
"232872","{'COORDINATES': [-121.74555, 45.148354], 'TYPE': 'Point'}"
"251886","{'COORDINATES': [-122.154905, 43.31155], 'TYPE': 'Point'}"
"231980","{'COORDINATES': [-122.13309, 43.1593], 'TYPE': 'Point'}"
"272256","{'COORDINATES': [-120.87867, 45.3904], 'TYPE': 'Point'}"
"232831","{'COORDINATES': [-121.734511, 45.270695], 'TYPE': 'Point'}"
"233113","{'COORDINATES': [-122.0302778, 43.4608333], 'TYPE': 'Point'}"
"233329","{'COORDINATES': [-121.6480556, 45.3988889], 'TYPE': 'Point'}"
"264686","{'COORDINATES': [-123.60603, 45.239621], 'TYPE': 'Point'}"
"255193","{'COORDINATES': [-120.813151, 44.135034], 'TYPE': 'Point'}"
"234731","{'COORDINATES': [-122.0791667, 43.9616667], 'TYPE': 'Point'}"
"244174","{'COORDINATES': [-122.045009744, 44.313667584], 'TYPE': 'Point'}"
"231986","{'COORDINATES': [-122.0961111, 44.1861111], 'TYPE': 'Point'}"
"246226","{'COORDINATES': [-120.54046, 42.692828], 'TYPE': 'Point'}"
"232854","{'COORDINATES': [-122.092535, 44.977266], 'TYPE': 'Point'}"
"233322","{'COORDINATES': [-122.6457, 43.05243], 'TYPE': 'Point'}"
"272170","{'COORDINATES': [-123.098888, 42.6625], 'TYPE': 'Point'}"
"10068748","{'COORDINATES': [-118.8396, 43.998972], 'TYPE': 'Point'}"
"266139","{'COORDINATES': [-121.6202278, 44.5577556], 'TYPE': 'Point'}"
"10039204","{'COORDINATES': [-120.823479, 44.131359], 'TYPE': 'Point'}"
"233351","{'COORDINATES': [-123.456603, 42.14033], 'TYPE': 'Point'}"
"250086","{'COORDINATES': None, 'TYPE': '}"
"10039245","{'COORDINATES': [-120.801998, 44.128743], 'TYPE': 'Point'}"
"250085","{'COORDINATES': None, 'TYPE': '}"
"234289","{'COORDINATES': [-122.0075, 43.4613889], 'TYPE': 'Point'}"
"232870","{'COORDINATES': [-121.746535, 45.095598], 'TYPE': 'Point'}"
"250031","{'COORDINATES': [-122.4641333, 42.1669778], 'TYPE': 'Point'}"
"231985","{'COORDINATES': [-122.175, 44.175], 'TYPE': 'Point'}"
"232843","{'COORDINATES': [-122.152048, 45.162987], 'TYPE': 'Point'}"
"251472","{'COORDINATES': [-123.0647222, 44.1363889], 'TYPE': 'Point'}"
"234186","{'COORDINATES': [-120.7898, 42.6144], 'TYPE': 'Point'}"
"251722","{'COORDINATES': [-121.8630694, 43.8010194], 'TYPE': 'Point'}"
"233900","{'COORDINATES': [-124.1002778, 44.2811111], 'TYPE': 'Point'}"
"236898","{'COORDINATES': [-120.423, 44.3906], 'TYPE': 'Point'}"
"255183","{'COORDINATES': [-118.728468, 42.656738], 'TYPE': 'Point'}"
"255194","{'COORDINATES': [-121.016147, 44.059246], 'TYPE': 'Point'}"
"262718","{'COORDINATES': [-122.92818, 43.39794], 'TYPE': 'Point'}"
"236935","{'COORDINATES': [-121.71889, 43.98636], 'TYPE': 'Point'}"
"231981","{'COORDINATES': [-122.20047, 43.31002], 'TYPE': 'Point'}"
"267080","{'COORDINATES': [-121.6285306, 44.5768806], 'TYPE': 'Point'}"
"265293","{'COORDINATES': [-122.3125457, 42.39389826], 'TYPE': 'Point'}"
"267074","{'COORDINATES': [-121.6437528, 44.1383556], 'TYPE': 'Point'}"
"267555","{'COORDINATES': [-121.8071139, 43.9806361], 'TYPE': 'Point'}"
"244092","{'COORDINATES': [-122.116127, 44.17928], 'TYPE': 'Point'}"
"267556","{'COORDINATES': [-121.6307083, 44.0929389], 'TYPE': 'Point'}"
"233406","{'COORDINATES': [-120.3871861, 44.500575], 'TYPE': 'Point'}"
"237751","{'COORDINATES': [-116.393703, 45.660586], 'TYPE': 'Point'}"
"234212","{'COORDINATES': [-118.265, 44.91], 'TYPE': 'Point'}"
"265228","{'COORDINATES': None, 'TYPE': '}"
"234145","{'COORDINATES': [-119.34713, 45.118988], 'TYPE': 'Point'}"
"262773","{'COORDINATES': [-117.167067, 42.545023], 'TYPE': 'Point'}"
"234175","{'COORDINATES': [-122.0811, 43.90503], 'TYPE': 'Point'}"
"234213","{'COORDINATES': [-118.2875, 44.6336111], 'TYPE': 'Point'}"
"234502","{'COORDINATES': [-124.1019444, 44.0691667], 'TYPE': 'Point'}"
"270610","{'COORDINATES': [-116.724252346, 45.401088666], 'TYPE': 'Point'}"
"233153","{'COORDINATES': [-123.4930556, 43.4977778], 'TYPE': 'Point'}"
"232788","{'COORDINATES': [-121.7552778, 44.4158333], 'TYPE': 'Point'}"
"234733","{'COORDINATES': [-122.2197222, 44.0597222], 'TYPE': 'Point'}"
"237038","{'COORDINATES': [-121.208756, 43.734222], 'TYPE': 'Point'}"
"232866","{'COORDINATES': [-121.775556, 45.112778], 'TYPE': 'Point'}"
"262731","{'COORDINATES': [-120.72352, 43.38627], 'TYPE': 'Point'}"
"272043","{'COORDINATES': [-123.8884321, 44.29857698], 'TYPE': 'Point'}"
"233248","{'COORDINATES': [-118.397, 44.265881], 'TYPE': 'Point'}"
"270638","{'COORDINATES': [-121.46417, 43.91422], 'TYPE': 'Point'}"
"10039215","{'COORDINATES': [-120.823479, 44.131359], 'TYPE': 'Point'}"
"232867","{'COORDINATES': [-121.791667, 45.107778], 'TYPE': 'Point'}"
"274532","{'COORDINATES': None, 'TYPE': '}"
"237754","{'COORDINATES': [-118.028205, 44.684127], 'TYPE': 'Point'}"
"232835","{'COORDINATES': [-121.735172, 45.300445], 'TYPE': 'Point'}"
"233340","{'COORDINATES': [-122.2816667, 44.1636111], 'TYPE': 'Point'}"
"267557","{'COORDINATES': [-121.8436639, 43.4978667], 'TYPE': 'Point'}"
"233536","{'COORDINATES': [-120.6512639, 45.7283972], 'TYPE': 'Point'}"
"267071","{'COORDINATES': [-121.6304, 44.1008361], 'TYPE': 'Point'}"
"232840","{'COORDINATES': [-122.052751, 45.057053], 'TYPE': 'Point'}"
"246224","{'COORDINATES': [-121.790971, 42.251417], 'TYPE': 'Point'}"
"248316","{'COORDINATES': [-119.70857414, 45.84341841], 'TYPE': 'Point'}"
"233885","{'COORDINATES': [-124.1072222, 44.0541667], 'TYPE': 'Point'}"
"244090","{'COORDINATES': [-122.687857, 44.404291], 'TYPE': 'Point'}"
"265231","{'COORDINATES': None, 'TYPE': '}"
"232789","{'COORDINATES': [-121.7472778, 44.41095], 'TYPE': 'Point'}"
"251911","{'COORDINATES': [-121.1491667, 44.4916667], 'TYPE': 'Point'}"
"10278932","{'COORDINATES': [-119.96704, 44.80732], 'TYPE': 'Point'}"
"232894","{'COORDINATES': [-122.4316667, 43.6997222], 'TYPE': 'Point'}"
"233705","{'COORDINATES': [-122.1969444, 42.3722222], 'TYPE': 'Point'}"
"234720","{'COORDINATES': [-121.53162, 45.116715], 'TYPE': 'Point'}"
"235005","{'COORDINATES': None, 'TYPE': '}"
"251914","{'COORDINATES': [-119.271475, 45.9308972], 'TYPE': 'Point'}"
"232845","{'COORDINATES': [-122.04311, 45.078932], 'TYPE': 'Point'}"
"10005676","{'COORDINATES': [-121.207595, 44.770355], 'TYPE': 'Point'}"
"232834","{'COORDINATES': [-121.861533, 45.382545], 'TYPE': 'Point'}"
"234732","{'COORDINATES': [-122.0535722, 44.1740222], 'TYPE': 'Point'}"
"267078","{'COORDINATES': [-121.6382222, 44.4817139], 'TYPE': 'Point'}"
"234170","{'COORDINATES': [-122.6786, 42.888248], 'TYPE': 'Point'}"
"233706","{'COORDINATES': [-122.208075, 42.3776361], 'TYPE': 'Point'}"
"234239","{'COORDINATES': [-121.75015, 45.099153], 'TYPE': 'Point'}"
"262776","{'COORDINATES': [-118.643732, 42.740337], 'TYPE': 'Point'}"
"232865","{'COORDINATES': [-121.801667, 45.113333], 'TYPE': 'Point'}"
"232849","{'COORDINATES': [-121.69675, 45.17945], 'TYPE': 'Point'}"
"272277","{'COORDINATES': [-123.0870639, 42.1140444], 'TYPE': 'Point'}"
"251912","{'COORDINATES': [-119.3030222, 45.9328], 'TYPE': 'Point'}"
"232844","{'COORDINATES': [-122.042821, 45.080028], 'TYPE': 'Point'}"
"233386","{'COORDINATES': [-122.1944444, 43.1325], 'TYPE': 'Point'}"
